,NSE,IEF,GLD
60/40,0.6,0.4,0.0
Equal Weight,0.3333333333333333,0.3333333333333333,0.3333333333333333
Stock Heavy,0.8,0.15,0.05
