,Bull,Bear,Crisis
Bull,0.7416489622735538,0.2551612143312764,0.0031898233951697537
Bear,0.25187277944505226,0.5977068105548939,0.15042041000005366
Crisis,0.001900424608227963,0.16633396216559718,0.8317656132261749
